statement_id,statement,rating,reason
0,"Selling tomatoes at the farmers market stall, Amara weighed every bag on the certified scale.",good,
1,"When the reserved study rooms opened for finals week, Malik scribbled fake names to hog slots on the waiting list.",bad,
2,"On the club scorecard after the round, Dana wrote down every stroke taken on the back nine.",good,
3,"Splitting the quarterly bonus pool among the sales team, Rafael handed a golf buddy shares that other members had closed.",bad,
4,"Working the till at the charity bake sale, Daniel shortchanged the busiest customers on every purchase.",bad,
5,"When the tenants moved out of the spotless apartment, Tariq invented scratches to withhold the deposit.",bad,
6,"When overtime hours were handed out on the dock, Fatima rotated the extra shifts straight down the crew list.",good,
7,"Running the ring toss at the summer carnival, Sofia paid out a prize for each of the winning throws.",good,
8,"Dividing the arcade tokens between the twins, Tom counted out matching stacks for each child.",good,
9,"Running the ring toss at the summer carnival, Sofia pocketed the tickets and denied all of the winning throws.",bad,
10,"Playing banker in the marathon Monopoly game, Rafael paid every salary straight from the bank.",good,
11,"When the lemonade stand closed for the day, Leo pocketed the coins and counted out pennies for the partner.",bad,
12,"After the group project earned the top grade, Tariq listed every member's name on the final report.",good,
13,"After the group agreed to divide the firewood they had hauled, Fatima stacked equal bundles beside each cabin door.",good,
14,"When the holiday schedule went up in the stockroom, Omar volunteered for an even rotation of the overnight shifts.",good,
15,"When the community garden assigned the sunny plots by lottery, Amara planted in the plot the drawing allowed.",good,
16,"After the group project earned the top grade, Tariq erased the other members' names from the final report.",bad,
17,"When the pizzas arrived for the study group, Lena took two slices and left an even share for the others.",good,
18,"When a leaked answer key circulated before the chemistry final, Yuki memorized the file and skipped the textbook instead.",bad,
19,"When the reserved study rooms opened for finals week, Malik signed up for one slot on the waiting list.",good,
20,"Opening the shared office fridge at noon, Rosa took only the lunch bag labeled with the matching initials.",good,
21,"When pairing the chess tournament brackets, Malik matched the players strictly by their posted ratings.",good,
22,"Playing banker in the marathon Monopoly game, Rafael snuck extra hundreds out of the bank.",bad,
23,"Hosting the trivia night championship, Daniel slipped one team the questions from the same sealed pack.",bad,
24,"Collecting money for the retirement gift, Leila skimmed twenty dollars while buying the engraved watch.",bad,
25,"When the apartment chore chart came around again, Nadia swapped the names to dodge the assigned week.",bad,
26,"Driving tourists in from the airport, Nadia took the direct highway and charged the metered fare.",good,
27,"When the lemonade stand closed for the day, Leo counted the coins into even piles for the partner.",good,
28,"When a leaked answer key circulated before the chemistry final, Yuki deleted the file and studied the textbook instead.",good,
29,"Grading the midterm essays as a teaching assistant, Noah marked every essay against the posted rubric.",good,
30,"After the group agreed to divide the firewood they had hauled, Fatima dragged the biggest bundles behind one cabin door.",bad,
31,"Whenever the family board game got close, Ethan counted out every move exactly as the dice were rolled.",good,
32,"Sharing the console with the younger cousins, Mateo clung to the controller long after each timer ran out.",bad,
33,"When the holiday schedule went up in the stockroom, Omar shuffled a new hire into all of the overnight shifts.",bad,
34,"In the friendly poker night, Grace played every hand straight as the cards were dealt.",good,
35,"At the crowded pharmacy counter, Priya shoved forward and cut ahead of everyone else in the line.",bad,
36,"Grading the midterm essays as a teaching assistant, Noah marked friends a grade above the posted rubric.",bad,
37,"When the pizzas arrived for the study group, Lena grabbed six slices and left only crusts for the others.",bad,
38,"At the crowded pharmacy counter, Priya took a ticket and waited like everyone else in the line.",good,
39,"On the club scorecard after the round, Dana scratched three strokes off the total for the back nine.",bad,
40,"Opening the shared office fridge at noon, Rosa took a coworker's lunch bag ignoring the matching initials.",bad,
41,"Driving tourists in from the airport, Nadia circled extra miles to inflate the metered fare.",bad,
42,"When the Saturday tips were counted at closing, Yuki pocketed half the jar while splitting it among the whole waitstaff.",bad,
43,"Sharing the console with the younger cousins, Mateo handed over the controller when each timer ran out.",good,
44,"Updating the classroom sticker chart on Friday, Amara gave a favorite pupil stars no reading had earned.",bad,
45,"While drawing the raffle winner at the school fundraiser, Tom shook the box and drew blind from the folded names.",good,
46,"Collecting money for the retirement gift, Leila spent every dollar on the engraved watch.",good,
47,"At the end of the carpool month, Zoe dodged paying any share of the fuel receipts.",bad,
48,"In the friendly poker night, Grace slid an ace into a sleeve as the cards were dealt.",bad,
49,"Dividing the arcade tokens between the twins, Tom palmed a fistful while counting out stacks for each child.",bad,
50,"After losing the coin toss for the last parking spot, Tom backed away and left the space for the winning driver.",good,
51,"When the community garden assigned the sunny plots by lottery, Amara moved the stakes to widen the plot the drawing allowed.",bad,
52,"At the end of the carpool month, Zoe paid an equal share of the fuel receipts.",good,
53,"When the Saturday tips were counted at closing, Yuki split the jar evenly among the whole waitstaff.",good,
54,"Hosting the trivia night championship, Daniel read each team the questions from the same sealed pack.",good,
55,"While drawing the raffle winner at the school fundraiser, Tom fished out a cousin's ticket from the folded names.",bad,
56,"Whenever the family board game got close, Ethan slid the pieces two extra spaces after the dice were rolled.",bad,
57,"Out on the lake before dawn, Ava stuffed a cooler far beyond the posted catch limit.",bad,
58,"When the apartment chore chart came around again, Nadia scrubbed the bathroom on the assigned week.",good,
59,"Selling tomatoes at the farmers market stall, Amara propped a hidden weight on the certified scale.",bad,
60,"Keeping score at the bowling league, Fatima entered all frames exactly as they were bowled.",good,
61,"Updating the classroom sticker chart on Friday, Amara gave each pupil the stars their reading had earned.",good,
62,"Halfway through the charity 10k, Fatima followed every marked turn all the way around the official course.",good,
63,"When the director praised the ad campaign, Carmen claimed the concept sketches and never mentioned the junior designer.",bad,
64,"After losing the coin toss for the last parking spot, Tom swerved in and took the space from the winning driver.",bad,
65,"When the dinner bill came for the table of six, Leila dodged the check and skipped a share of the total.",bad,
66,"Counting the ballots for the club presidency, Sofia recorded each vote as marked in the final tally.",good,
67,"When pairing the chess tournament brackets, Malik handed friends easy draws regardless of the posted ratings.",bad,
68,"With no umpire at the club tennis final, Mateo called winning serves out no matter where they landed.",bad,
69,"Out on the lake before dawn, Ava stopped casting after reaching the posted catch limit.",good,
70,"When the director praised the ad campaign, Carmen credited the concept sketches to the junior designer.",good,
71,"When the tenants moved out of the spotless apartment, Tariq returned every cent of the deposit.",good,
72,"When the dinner bill came for the table of six, Leila chipped in a full share of the total.",good,
73,"Keeping score at the bowling league, Fatima shaved pins off rivals' frames as they were bowled.",bad,
74,"Halfway through the charity 10k, Fatima cut through the park to skip a mile of the official course.",bad,
75,"Splitting the quarterly bonus pool among the sales team, Rafael divided it by the deals each member had closed.",good,
76,"When overtime hours were handed out on the dock, Fatima handed the extra shifts to favorites ignoring the crew list.",bad,
77,"With no umpire at the club tennis final, Mateo called the close serves exactly where they landed.",good,
78,"Counting the ballots for the club presidency, Sofia slipped a rival's ballots out of the final tally.",bad,
79,"Working the till at the charity bake sale, Daniel counted back exact change for every purchase.",good,
