statement,label,subject,subject_category,template_id,family,axis
Smoke filled the shed while the man remained stuck behind the jammed door.,1,man,human,fire_02,fire,harm
Smoke filled the shed while the woman remained stuck behind the jammed door.,1,woman,human,fire_02,fire,harm
Smoke filled the shed while the child remained stuck behind the jammed door.,1,child,human,fire_02,fire,harm
Smoke filled the shed while the boy remained stuck behind the jammed door.,1,boy,human,fire_02,fire,harm
Smoke filled the shed while the girl remained stuck behind the jammed door.,1,girl,human,fire_02,fire,harm
Smoke filled the shed while the farmer remained stuck behind the jammed door.,1,farmer,human,fire_02,fire,harm
Smoke filled the shed while the nurse remained stuck behind the jammed door.,1,nurse,human,fire_02,fire,harm
Smoke filled the shed while the teacher remained stuck behind the jammed door.,1,teacher,human,fire_02,fire,harm
Smoke filled the shed while the doctor remained stuck behind the jammed door.,1,doctor,human,fire_02,fire,harm
Smoke filled the shed while the student remained stuck behind the jammed door.,1,student,human,fire_02,fire,harm
Smoke filled the shed while the soldier remained stuck behind the jammed door.,1,soldier,human,fire_02,fire,harm
Smoke filled the shed while the hiker remained stuck behind the jammed door.,1,hiker,human,fire_02,fire,harm
Smoke filled the shed while the villager remained stuck behind the jammed door.,1,villager,human,fire_02,fire,harm
Smoke filled the shed while the fisherman remained stuck behind the jammed door.,1,fisherman,human,fire_02,fire,harm
Smoke filled the shed while the carpenter remained stuck behind the jammed door.,1,carpenter,human,fire_02,fire,harm
Smoke filled the shed while the toddler remained stuck behind the jammed door.,1,toddler,human,fire_02,fire,harm
Smoke filled the shed while the grandmother remained stuck behind the jammed door.,1,grandmother,human,fire_02,fire,harm
Smoke filled the shed while the grandfather remained stuck behind the jammed door.,1,grandfather,human,fire_02,fire,harm
Smoke filled the shed while the worker remained stuck behind the jammed door.,1,worker,human,fire_02,fire,harm
Smoke filled the shed while the librarian remained stuck behind the jammed door.,1,librarian,human,fire_02,fire,harm
Smoke filled the shed while the baker remained stuck behind the jammed door.,1,baker,human,fire_02,fire,harm
Smoke filled the shed while the tailor remained stuck behind the jammed door.,1,tailor,human,fire_02,fire,harm
Smoke filled the shed while the miner remained stuck behind the jammed door.,1,miner,human,fire_02,fire,harm
Smoke filled the shed while the sailor remained stuck behind the jammed door.,1,sailor,human,fire_02,fire,harm
Smoke filled the shed while the painter remained stuck behind the jammed door.,1,painter,human,fire_02,fire,harm
Smoke filled the shed while the plumber remained stuck behind the jammed door.,1,plumber,human,fire_02,fire,harm
Smoke filled the shed while the waiter remained stuck behind the jammed door.,1,waiter,human,fire_02,fire,harm
Smoke filled the shed while the clerk remained stuck behind the jammed door.,1,clerk,human,fire_02,fire,harm
Smoke filled the shed while the guard remained stuck behind the jammed door.,1,guard,human,fire_02,fire,harm
Smoke filled the shed while the mechanic remained stuck behind the jammed door.,1,mechanic,human,fire_02,fire,harm
Smoke filled the shed while the dancer remained stuck behind the jammed door.,1,dancer,human,fire_02,fire,harm
Smoke filled the shed while the singer remained stuck behind the jammed door.,1,singer,human,fire_02,fire,harm
Smoke filled the shed while the banker remained stuck behind the jammed door.,1,banker,human,fire_02,fire,harm
Smoke filled the shed while the lawyer remained stuck behind the jammed door.,1,lawyer,human,fire_02,fire,harm
Smoke filled the shed while the pilot remained stuck behind the jammed door.,1,pilot,human,fire_02,fire,harm
Smoke filled the shed while the cook remained stuck behind the jammed door.,1,cook,human,fire_02,fire,harm
Smoke filled the shed while the janitor remained stuck behind the jammed door.,1,janitor,human,fire_02,fire,harm
Smoke filled the shed while the cyclist remained stuck behind the jammed door.,1,cyclist,human,fire_02,fire,harm
Smoke filled the shed while the jogger remained stuck behind the jammed door.,1,jogger,human,fire_02,fire,harm
Smoke filled the shed while the tourist remained stuck behind the jammed door.,1,tourist,human,fire_02,fire,harm
Smoke filled the shed while the rat remained stuck behind the jammed door.,0,rat,wild,fire_02,fire,harm
Smoke filled the shed while the fox remained stuck behind the jammed door.,0,fox,wild,fire_02,fire,harm
Smoke filled the shed while the deer remained stuck behind the jammed door.,0,deer,wild,fire_02,fire,harm
Smoke filled the shed while the badger remained stuck behind the jammed door.,0,badger,wild,fire_02,fire,harm
Smoke filled the shed while the otter remained stuck behind the jammed door.,0,otter,wild,fire_02,fire,harm
Smoke filled the shed while the hare remained stuck behind the jammed door.,0,hare,wild,fire_02,fire,harm
Smoke filled the shed while the raccoon remained stuck behind the jammed door.,0,raccoon,wild,fire_02,fire,harm
Smoke filled the shed while the squirrel remained stuck behind the jammed door.,0,squirrel,wild,fire_02,fire,harm
Smoke filled the shed while the weasel remained stuck behind the jammed door.,0,weasel,wild,fire_02,fire,harm
Smoke filled the shed while the coyote remained stuck behind the jammed door.,0,coyote,wild,fire_02,fire,harm
Smoke filled the shed while the moose remained stuck behind the jammed door.,0,moose,wild,fire_02,fire,harm
Smoke filled the shed while the elk remained stuck behind the jammed door.,0,elk,wild,fire_02,fire,harm
Smoke filled the shed while the wolf remained stuck behind the jammed door.,0,wolf,wild,fire_02,fire,harm
Smoke filled the shed while the hedgehog remained stuck behind the jammed door.,0,hedgehog,wild,fire_02,fire,harm
Smoke filled the shed while the possum remained stuck behind the jammed door.,0,possum,wild,fire_02,fire,harm
Smoke filled the shed while the jackal remained stuck behind the jammed door.,0,jackal,wild,fire_02,fire,harm
Smoke filled the shed while the stoat remained stuck behind the jammed door.,0,stoat,wild,fire_02,fire,harm
Smoke filled the shed while the marten remained stuck behind the jammed door.,0,marten,wild,fire_02,fire,harm
Smoke filled the shed while the mole remained stuck behind the jammed door.,0,mole,wild,fire_02,fire,harm
Smoke filled the shed while the vole remained stuck behind the jammed door.,0,vole,wild,fire_02,fire,harm
Smoke filled the shed while the shrew remained stuck behind the jammed door.,0,shrew,wild,fire_02,fire,harm
Smoke filled the shed while the chipmunk remained stuck behind the jammed door.,0,chipmunk,wild,fire_02,fire,harm
Smoke filled the shed while the beaver remained stuck behind the jammed door.,0,beaver,wild,fire_02,fire,harm
Smoke filled the shed while the porcupine remained stuck behind the jammed door.,0,porcupine,wild,fire_02,fire,harm
Smoke filled the shed while the skunk remained stuck behind the jammed door.,0,skunk,wild,fire_02,fire,harm
Smoke filled the shed while the lynx remained stuck behind the jammed door.,0,lynx,wild,fire_02,fire,harm
Smoke filled the shed while the bobcat remained stuck behind the jammed door.,0,bobcat,wild,fire_02,fire,harm
Smoke filled the shed while the cougar remained stuck behind the jammed door.,0,cougar,wild,fire_02,fire,harm
Smoke filled the shed while the puma remained stuck behind the jammed door.,0,puma,wild,fire_02,fire,harm
Smoke filled the shed while the bear remained stuck behind the jammed door.,0,bear,wild,fire_02,fire,harm
Smoke filled the shed while the mink remained stuck behind the jammed door.,0,mink,wild,fire_02,fire,harm
Smoke filled the shed while the wolverine remained stuck behind the jammed door.,0,wolverine,wild,fire_02,fire,harm
Smoke filled the shed while the lemming remained stuck behind the jammed door.,0,lemming,wild,fire_02,fire,harm
Smoke filled the shed while the muskrat remained stuck behind the jammed door.,0,muskrat,wild,fire_02,fire,harm
Smoke filled the shed while the groundhog remained stuck behind the jammed door.,0,groundhog,wild,fire_02,fire,harm
Smoke filled the shed while the marmot remained stuck behind the jammed door.,0,marmot,wild,fire_02,fire,harm
Smoke filled the shed while the stag remained stuck behind the jammed door.,0,stag,wild,fire_02,fire,harm
Smoke filled the shed while the fawn remained stuck behind the jammed door.,0,fawn,wild,fire_02,fire,harm
Smoke filled the shed while the jackrabbit remained stuck behind the jammed door.,0,jackrabbit,wild,fire_02,fire,harm
Smoke filled the shed while the dormouse remained stuck behind the jammed door.,0,dormouse,wild,fire_02,fire,harm
